team_id,team_name,conference,season,data_source,pace,offensive_rating,defensive_rating,efg_pct,three_point_rate,turnover_rate,offensive_rebound_rate,defensive_rebound_rate,free_throw_rate,assist_rate,block_rate,steal_rate,foul_rate,games_played,three_point_pct,free_throw_pct,two_point_pct,team_rim_attempt_rate,team_rim_fg_pct
illinois,Illinois,Big Ten,2026,Sports Reference 2025-26,67.1,115.4,100.3,0.461,0.4975609756097561,0.1414634146341463,0.1467153284671533,0.3706812652068126,0.3317073170731707,0.5,0.0031081081081081,0.0025,0.009054054054054,37,0.341763862332696,0.7843824701195219,0.0,454.0,0.7158590308370044
indiana,Indiana,Big Ten,2026,Sports Reference 2025-26,69.5,114.8,100.7,0.474,0.5053571428571428,0.1821428571428571,0.1138888888888889,0.4108024691358025,0.35,0.6264150943396227,0.002109375,0.003671875,0.014296875,32,0.33476495132127954,0.7258429319371728,0.0,843.0,0.6761565836298933
iowa,Iowa,Big Ten,2026,Sports Reference 2025-26,68.8,116.6,101.4,0.487,0.4288389513108614,0.1779026217228464,0.1351535836177474,0.3848122866894198,0.350187265917603,0.5769230769230769,0.0012837837837837,0.0045945945945945,0.0117567567567567,37,0.3646532033426184,0.7532544642857143,0.0,737.0,0.6350067842605156
maryland,Maryland,Big Ten,2026,Sports Reference 2025-26,68.2,108.6,104.0,0.407,0.469244288224956,0.2179261862917399,0.1550847457627118,0.3604519774011299,0.3637961335676625,0.4525862068965517,0.0021969696969696,0.0036363636363636,0.0136363636363636,33,0.32122235294117646,0.7018718562874251,0.0,816.0,0.5735294117647058
michigan,Michigan,Big Ten,2026,Sports Reference 2025-26,69.6,118.1,101.3,0.507,0.4152823920265781,0.1943521594684385,0.1211970074812967,0.4018703241895262,0.3803986710963454,0.6098360655737706,0.0038125,0.0034999999999999,0.0096875,40,0.3681820448877805,0.7373852459016393,0.0,607.0,0.6260296540362438
michigan_state,Michigan State,Big Ten,2026,Sports Reference 2025-26,70.5,114.8,102.5,0.472,0.3647260273972603,0.1986301369863013,0.1405541561712846,0.3768261964735516,0.3578767123287671,0.6763636363636364,0.0029285714285714,0.0036428571428571,0.0114285714285714,35,0.3589330543933055,0.7622087447108603,0.0,603.0,0.6666666666666666
minnesota,Minnesota,Big Ten,2026,Sports Reference 2025-26,70.9,113.0,101.7,0.458,0.4722753346080306,0.2007648183556405,0.1219354838709677,0.3991935483870968,0.3575525812619503,0.7083333333333334,0.0020454545454545,0.0047727272727272,0.0109848484848484,33,0.343435960591133,0.7045117845117844,0.0,579.0,0.6528497409326425
nebraska,Nebraska,Big Ten,2026,Sports Reference 2025-26,69.5,113.0,99.8,0.465,0.511904761904762,0.1649659863945578,0.114756446991404,0.4097421203438396,0.2619047619047619,0.6593406593406593,0.0017857142857142,0.0050714285714285,0.0102142857142857,35,0.3640444214876033,0.7563632653061224,0.0,573.0,0.7102966841186736
northwestern,Northwestern,Big Ten,2026,Sports Reference 2025-26,69.2,114.9,100.1,0.461,0.3403880070546737,0.1499118165784832,0.1342622950819672,0.3859016393442623,0.3386243386243386,0.6564885496183206,0.0026470588235294,0.0042647058823529,0.0125735294117647,34,0.33188990825688075,0.7487876923076923,0.0,680.0,0.6264705882352941
ohio_state,Ohio State,Big Ten,2026,Sports Reference 2025-26,68.4,116.9,101.2,0.491,0.4010695187165775,0.1836007130124777,0.1246987951807228,0.3975903614457831,0.3725490196078431,0.5272727272727272,0.0017647058823529,0.0036029411764705,0.0128676470588235,34,0.3581151515151515,0.7861763907734057,0.0,595.0,0.6420168067226891
oregon,Oregon,Big Ten,2026,Sports Reference 2025-26,69.6,110.2,103.0,0.426,0.4288224956063268,0.2073813708260105,0.1465116279069767,0.3709302325581395,0.3497363796133567,0.588477366255144,0.003046875,0.004765625,0.0121875,32,0.33612134831460677,0.6443880000000001,0.0,228.0,0.5614035087719298
penn_state,Penn State,Big Ten,2026,Sports Reference 2025-26,67.9,114.3,101.4,0.469,0.3796791443850267,0.1871657754010695,0.1287931034482758,0.3925862068965517,0.338680926916221,0.4828897338403041,0.0013281249999999,0.005390625,0.012109375,32,0.33465076660988075,0.760448065173116,0.0,549.0,0.6338797814207651
purdue,Purdue,Big Ten,2026,Sports Reference 2025-26,69.2,117.8,100.6,0.499,0.4013377926421405,0.1488294314381271,0.1444602272727272,0.3734375,0.2859531772575251,0.6577181208053692,0.0017948717948717,0.003525641025641,0.0092948717948717,39,0.3833238512035011,0.7475748502994012,0.0,581.0,0.7246127366609294
rutgers,Rutgers,Big Ten,2026,Sports Reference 2025-26,67.8,110.7,101.6,0.417,0.3425129087779689,0.1738382099827883,0.1463525835866261,0.3711246200607903,0.3631669535283993,0.5,0.0024999999999999,0.004485294117647,0.0122058823529411,34,0.3241485294117647,0.7427192737430168,0.0,617.0,0.5526742301458671
ucla,UCLA,Big Ten,2026,Sports Reference 2025-26,68.5,115.3,100.4,0.466,0.3544520547945205,0.1523972602739726,0.1407120743034055,0.3797213622291022,0.3304794520547945,0.5919117647058825,0.0020833333333333,0.0046527777777777,0.0118055555555555,36,0.37980493033226154,0.7632267206477733,0.0,659.0,0.6191198786039454
usc,USC,Big Ten,2026,Sports Reference 2025-26,69.5,114.1,102.8,0.454,0.3355932203389831,0.211864406779661,0.1405479452054794,0.3782191780821918,0.4406779661016949,0.5708955223880597,0.004453125,0.004921875,0.0146093749999999,32,0.28660270880361177,0.6762605633802816,0.0,777.0,0.6357786357786358
washington,Washington,Big Ten,2026,Sports Reference 2025-26,67.7,113.5,101.4,0.458,0.3463414634146342,0.1707317073170731,0.1439516129032258,0.3740591397849462,0.3008130081300813,0.4929078014184397,0.0031818181818181,0.0043181818181818,0.0128030303030303,33,0.3196694352159469,0.7521678004535147,0.0,401.0,0.5486284289276808
wisconsin,Wisconsin,Big Ten,2026,Sports Reference 2025-26,68.1,113.5,99.7,0.45,0.5209677419354838,0.1451612903225806,0.1305633802816901,0.3919718309859155,0.314516129032258,0.5734767025089607,0.0022142857142857,0.004,0.0121428571428571,35,0.3536203271028038,0.7876835164835164,0.0,539.0,0.62152133580705
alabama,Alabama,SEC,2026,Sports Reference 2025-26,67.8,114.9,100.1,0.455,0.5431164901664145,0.1482602118003026,0.1382063882063882,0.3810810810810811,0.3600605143721634,0.5415282392026578,0.0035714285714285,0.0045714285714285,0.0132142857142857,35,0.359599603567889,0.7758131672597864,0.0,521.0,0.5950095969289827
arkansas,Arkansas,SEC,2026,Sports Reference 2025-26,67.5,119.4,99.6,0.501,0.3302325581395349,0.1395348837209302,0.13625,0.3834722222222222,0.3596899224806201,0.5325077399380805,0.0035135135135135,0.005,0.0112837837837837,37,0.3626083333333333,0.7480460251046024,0.0,821.0,0.6650426309378806
auburn,Auburn,SEC,2026,Sports Reference 2025-26,67.5,116.5,102.0,0.461,0.4026622296173044,0.1697171381031613,0.162396694214876,0.3530303030303031,0.43261231281198,0.4765342960288808,0.0026973684210526,0.0049342105263157,0.0111842105263157,38,0.3488319672131147,0.7933589041095891,0.0,604.0,0.5943708609271523
florida,Florida,SEC,2026,Sports Reference 2025-26,68.6,117.4,102.5,0.484,0.3703125,0.184375,0.1586474501108647,0.3560975609756098,0.390625,0.5483870967741935,0.0035714285714285,0.0047142857142857,0.0126428571428571,35,0.31998016701461385,0.7311053719008265,0.0,1007.0,0.6484607745779544
georgia,Georgia,SEC,2026,Sports Reference 2025-26,67.4,116.1,101.2,0.467,0.4429223744292237,0.1628614916286149,0.1547244094488189,0.3608923884514436,0.3698630136986301,0.482084690553746,0.0045454545454545,0.0063636363636363,0.0128030303030303,33,0.3301142857142857,0.7772003816793894,0.0,586.0,0.621160409556314
kentucky,Kentucky,SEC,2026,Sports Reference 2025-26,68.8,115.2,101.5,0.466,0.3976705490848585,0.1797004991680532,0.1407754010695187,0.3779411764705882,0.3743760399334442,0.5678571428571428,0.0031944444444444,0.0048611111111111,0.0127777777777777,36,0.3176355353075171,0.7408111888111888,0.0,618.0,0.6375404530744336
lsu,LSU,SEC,2026,Sports Reference 2025-26,68.4,115.9,101.6,0.471,0.3445378151260504,0.1848739495798319,0.1365853658536585,0.3830623306233062,0.4084033613445378,0.525,0.003046875,0.0046875,0.0146093749999999,32,0.3228959731543624,0.743675572519084,0.0,770.0,0.6454545454545455
mississippi_state,Mississippi State,SEC,2026,Sports Reference 2025-26,67.5,112.2,101.4,0.45,0.4015873015873016,0.1841269841269841,0.1331151832460733,0.3873036649214659,0.3063492063492063,0.4522968197879858,0.0034375,0.00453125,0.012578125,32,0.33296487119437934,0.6925094066570188,0.0,593.0,0.6340640809443507
missouri,Missouri,SEC,2026,Sports Reference 2025-26,68.9,116.7,103.3,0.486,0.3649122807017544,0.2157894736842105,0.1461864406779661,0.3728813559322034,0.4210526315789473,0.5126353790613718,0.0026515151515151,0.0049999999999999,0.0134090909090909,33,0.3533386454183267,0.690828947368421,0.0,1057.0,0.6575212866603595
oklahoma,Oklahoma,SEC,2026,Sports Reference 2025-26,67.7,115.7,101.1,0.469,0.4365733113673805,0.1647446457990115,0.1428370786516854,0.3754213483146067,0.3558484349258649,0.5087719298245614,0.0026351351351351,0.0043243243243243,0.0118918918918918,37,0.3653532440782698,0.7561085858585859,0.0,727.0,0.6134800550206327
ole_miss,Ole Miss,SEC,2026,Sports Reference 2025-26,67.6,112.9,100.3,0.446,0.3559602649006622,0.1605960264900662,0.1311953352769679,0.3896501457725948,0.3294701986754966,0.5018587360594796,0.0030714285714285,0.0050714285714285,0.0137857142857142,35,0.33825555555555553,0.7490322180916977,0.0,693.0,0.6320346320346321
south_carolina,South Carolina,SEC,2026,Sports Reference 2025-26,68.1,112.1,100.8,0.434,0.4448275862068965,0.1706896551724138,0.1283742331288343,0.3930981595092024,0.3672413793103448,0.5277777777777778,0.001875,0.004296875,0.01375,32,0.3110923076923077,0.7944814814814815,0.0,549.0,0.5956284153005464
tennessee,Tennessee,SEC,2026,Sports Reference 2025-26,69.5,114.9,103.3,0.461,0.3202614379084967,0.1928104575163398,0.1683529411764706,0.3442352941176471,0.3741830065359476,0.6063829787234043,0.0025,0.0049324324324324,0.0120945945945945,37,0.3450357446808511,0.7250719602977668,0.0,1191.0,0.6062132661628883
texas,Texas,SEC,2026,Sports Reference 2025-26,67.3,117.8,102.0,0.484,0.3561643835616438,0.1832191780821917,0.144,0.374,0.434931506849315,0.4381625441696113,0.0020833333333333,0.0038888888888888,0.0128472222222222,36,0.3556894409937888,0.7392703125000001,0.0,1090.0,0.6155963302752293
texas_am,Texas A&M,SEC,2026,Sports Reference 2025-26,69.1,114.5,101.3,0.455,0.4623824451410658,0.1692789968652037,0.1447721179624665,0.3715817694369973,0.3699059561128527,0.6137931034482759,0.0022794117647058,0.0059558823529411,0.0141911764705882,34,0.3533096385542169,0.7346767441860466,0.0,888.0,0.6069819819819819
vanderbilt,Vanderbilt,SEC,2026,Sports Reference 2025-26,68.2,116.6,100.3,0.474,0.4417077175697865,0.1576354679802955,0.1367897727272727,0.384375,0.3809523809523809,0.5640138408304499,0.003125,0.0054861111111111,0.0131944444444444,36,0.3544471794871795,0.7568417721518987,0.0,826.0,0.6549636803874092
arizona,Arizona,Big 12,2026,Sports Reference 2025-26,68.4,119.3,101.2,0.499,0.2631578947368421,0.1776315789473684,0.1373239436619718,0.3834507042253521,0.4391447368421052,0.5412541254125411,0.0026923076923076,0.0047435897435897,0.0101923076923076,39,0.3566196581196582,0.7570440967283073,0.0,550.0,0.5963636363636363
arizona_state,Arizona State,Big 12,2026,Sports Reference 2025-26,69.0,112.7,102.6,0.447,0.3840830449826989,0.2093425605536332,0.1382530120481927,0.3810240963855422,0.3944636678200692,0.5310077519379844,0.0034848484848484,0.0053030303030303,0.013030303030303,33,0.3212978723404255,0.7988526490066226,0.0,541.0,0.5970425138632163
baylor,Baylor,Big 12,2026,Sports Reference 2025-26,68.5,115.6,102.4,0.476,0.3911620294599017,0.1865793780687397,0.1540760869565217,0.3616847826086957,0.3420621931260229,0.5292096219931272,0.0029411764705882,0.0047794117647058,0.0119117647058823,34,0.3383441396508728,0.7074201030927835,0.0,323.0,0.631578947368421
byu,BYU,Big 12,2026,Sports Reference 2025-26,67.2,115.9,101.4,0.476,0.3977455716586151,0.1723027375201288,0.1452755905511811,0.3724409448818898,0.3429951690821256,0.4508474576271186,0.0031428571428571,0.0051428571428571,0.0113571428571428,35,0.3658615560640732,0.7453038229376258,0.0,536.0,0.6399253731343284
cincinnati,Cincinnati,Big 12,2026,Sports Reference 2025-26,70.0,109.9,101.9,0.431,0.4370860927152318,0.195364238410596,0.1339142091152815,0.3863270777479893,0.2947019867549669,0.6384615384615385,0.0031818181818181,0.0047727272727272,0.0121212121212121,33,0.34507614213197974,0.6907693965517241,0.0,438.0,0.5981735159817352
colorado,Colorado,Big 12,2026,Sports Reference 2025-26,68.5,115.1,100.9,0.467,0.3522537562604341,0.1736227045075125,0.130057803468208,0.3910404624277457,0.3672787979966611,0.5535714285714286,0.0024999999999999,0.0047727272727272,0.0134090909090909,33,0.3425294117647059,0.7444211538461538,0.0,634.0,0.5867507886435331
houston,Houston,Big 12,2026,Sports Reference 2025-26,67.2,113.4,100.3,0.448,0.4064516129032258,0.1338709677419355,0.1552560646900269,0.3602425876010782,0.2629032258064516,0.5251798561151079,0.0025675675675675,0.0050675675675675,0.0120945945945945,37,0.3493132183908046,0.7933137254901962,0.0,335.0,0.6985074626865672
iowa_state,Iowa State,Big 12,2026,Sports Reference 2025-26,68.8,117.3,101.4,0.488,0.3874172185430463,0.1688741721854304,0.1504249291784702,0.3661473087818698,0.3460264900662251,0.5898305084745762,0.0017567567567567,0.006081081081081,0.0108108108108108,37,0.3844282786885246,0.7093767798466593,0.0,883.0,0.6432616081540203
kansas,Kansas,Big 12,2026,Sports Reference 2025-26,68.2,112.2,100.5,0.451,0.3519458544839255,0.1810490693739424,0.1162404092071611,0.4079283887468031,0.3214890016920473,0.5205992509363296,0.0041428571428571,0.0038571428571428,0.0102142857142857,35,0.3400038986354776,0.7883693181818181,0.0,414.0,0.6086956521739131
kansas_state,Kansas State,Big 12,2026,Sports Reference 2025-26,69.4,111.8,102.4,0.459,0.4091627172195892,0.2037914691943128,0.1376470588235294,0.381764705882353,0.2685624012638231,0.5793103448275863,0.002734375,0.00546875,0.015,32,0.3453252336448598,0.7159969325153374,0.0,516.0,0.6337209302325582
oklahoma_state,Oklahoma State,Big 12,2026,Sports Reference 2025-26,68.2,114.5,101.6,0.46,0.3545310015898251,0.1875993640699523,0.1338157894736842,0.3864473684210526,0.3942766295707472,0.5051903114186851,0.0019285714285714,0.0050714285714285,0.0120714285714285,35,0.3360457920792079,0.734758695652174,0.0,1072.0,0.6082089552238806
tcu,TCU,Big 12,2026,Sports Reference 2025-26,68.7,113.5,101.9,0.443,0.3684210526315789,0.1759868421052631,0.1554317548746518,0.3600278551532033,0.375,0.5724907063197027,0.0032142857142857,0.0055,0.0116428571428571,35,0.3354155844155844,0.7222387096774193,0.0,581.0,0.5783132530120482
texas_tech,Texas Tech,Big 12,2026,Sports Reference 2025-26,68.5,113.7,101.5,0.468,0.4753289473684211,0.1776315789473684,0.1410081743869209,0.3791553133514986,0.2763157894736842,0.5473684210526316,0.0027941176470588,0.0044117647058823,0.011985294117647,34,0.4065044642857143,0.7201792717086835,0.0,403.0,0.6600496277915633
ucf,UCF,Big 12,2026,Sports Reference 2025-26,68.4,114.0,102.2,0.463,0.3475513428120063,0.1800947867298578,0.1527851458885941,0.363262599469496,0.3048973143759874,0.5358361774744027,0.0022727272727272,0.0042424242424242,0.0132575757575757,33,0.3676024464831804,0.738890052356021,0.0,731.0,0.6019151846785226
utah,Utah,Big 12,2026,Sports Reference 2025-26,68.5,112.4,102.0,0.454,0.3756432246998284,0.1955403087478559,0.1339285714285714,0.3863095238095239,0.3173241852487136,0.5169811320754717,0.0026562499999999,0.004140625,0.0126562499999999,32,0.36772545090180364,0.7139407665505226,0.0,338.0,0.5532544378698225
west_virginia,West Virginia,Big 12,2026,Sports Reference 2025-26,68.6,112.1,102.1,0.445,0.4306306306306306,0.1981981981981982,0.1348703170028818,0.3851585014409222,0.3513513513513513,0.5182186234817814,0.0022142857142857,0.0045,0.0110714285714285,35,0.3308319327731093,0.6678115543328748,0.0,796.0,0.5967336683417085
boston_college,Boston College,ACC,2026,Sports Reference 2025-26,67.6,108.8,101.2,0.408,0.4239316239316239,0.1777777777777777,0.1315573770491803,0.389207650273224,0.3247863247863248,0.4728033472803348,0.0033064516129032,0.0038709677419354,0.0135483870967741,31,0.29334751773049644,0.6531875,0.0,519.0,0.5799614643545279
california,California,ACC,2026,Sports Reference 2025-26,68.3,112.7,100.6,0.446,0.4293015332197614,0.1771720613287904,0.1193083573487031,0.404178674351585,0.3645655877342418,0.5325670498084291,0.0022058823529411,0.004485294117647,0.0136029411764705,34,0.37881060606060607,0.753185011709602,0.0,354.0,0.6384180790960452
clemson,Clemson,ACC,2026,Sports Reference 2025-26,67.6,113.8,100.2,0.452,0.4303571428571429,0.1642857142857142,0.1227272727272727,0.4,0.3678571428571429,0.5019762845849802,0.002,0.0045,0.0115714285714285,35,0.33527040194884283,0.7268210227272728,0.0,692.0,0.5910404624277457
duke,Duke,ACC,2026,Sports Reference 2025-26,69.1,117.4,101.7,0.491,0.4359861591695502,0.185121107266436,0.1388059701492537,0.3803482587064676,0.3823529411764706,0.5880281690140845,0.0022368421052631,0.0048684210526315,0.0101973684210526,38,0.3473155555555556,0.7210171821305841,0.0,555.0,0.6288288288288288
florida_state,Florida State,ACC,2026,Sports Reference 2025-26,68.1,112.5,101.6,0.44,0.5056360708534621,0.1755233494363929,0.1466005665722379,0.3708215297450425,0.3462157809983897,0.5238095238095238,0.0029545454545454,0.0059848484848484,0.0138636363636363,33,0.3312556097560976,0.7194050073637702,0.0,698.0,0.6045845272206304
georgia_tech,Georgia Tech,ACC,2026,Sports Reference 2025-26,70.1,110.4,103.0,0.442,0.3322147651006711,0.2248322147651006,0.1285714285714285,0.3913746630727763,0.3338926174496644,0.5984848484848485,0.0031451612903225,0.0049193548387096,0.014516129032258,31,0.3538790087463557,0.7673647798742138,0.345,504.0,0.5396825396825397
louisville,Louisville,ACC,2026,Sports Reference 2025-26,69.5,114.1,101.9,0.47,0.5287356321839081,0.1954022988505747,0.1327676240208877,0.3877284595300261,0.3316912972085385,0.5979020979020979,0.0023571428571428,0.0048571428571428,0.0132142857142857,35,0.35659917355371895,0.7591140845070422,0.0,834.0,0.6642685851318945
miami,Miami,ACC,2026,Sports Reference 2025-26,68.6,118.0,102.2,0.497,0.318864774624374,0.1869782971619365,0.1491978609625668,0.3676470588235294,0.3722871452420701,0.5436241610738255,0.0023571428571428,0.0056428571428571,0.0110714285714285,35,0.3290082474226804,0.6327839586028461,0.0,817.0,0.6658506731946144
nc_state,NC State,ACC,2026,Sports Reference 2025-26,67.9,115.4,99.7,0.466,0.4349258649093904,0.1515650741350906,0.1278260869565217,0.393768115942029,0.3509060955518945,0.5441696113074205,0.0024999999999999,0.0059558823529411,0.0134558823529411,34,0.39762045760430687,0.7766941896024464,0.0,677.0,0.6070901033973413
north_carolina,North Carolina,ACC,2026,Sports Reference 2025-26,68.4,115.8,100.3,0.471,0.4235294117647059,0.161344537815126,0.1272251308900523,0.3945026178010471,0.3714285714285714,0.5714285714285714,0.0025757575757575,0.004090909090909,0.0111363636363636,33,0.32159249676584734,0.7147469696969697,0.0,405.0,0.6320987654320988
notre_dame,Notre Dame,ACC,2026,Sports Reference 2025-26,68.1,111.9,102.4,0.445,0.4362068965517242,0.1982758620689655,0.1364754098360655,0.3831967213114754,0.3413793103448276,0.4767441860465116,0.001774193548387,0.0036290322580645,0.0144354838709677,31,0.3638507462686567,0.7456903225806452,0.0,232.0,0.5862068965517241
pittsburgh,Pitt,ACC,2026,Sports Reference 2025-26,68.5,111.3,102.8,0.439,0.4260869565217391,0.1947826086956521,0.1539130434782609,0.3618840579710145,0.3043478260869565,0.5217391304347826,0.0023484848484848,0.0049242424242424,0.0122727272727272,33,0.3324774665042631,0.6741981566820275,0.0,827.0,0.6045949214026602
smu,SMU,ACC,2026,Sports Reference 2025-26,68.5,116.4,101.6,0.49,0.3582802547770701,0.1767515923566879,0.1472074468085106,0.3715425531914894,0.3041401273885351,0.5487012987012987,0.0026470588235294,0.0051470588235294,0.0125,34,0.3621372549019608,0.7566666666666666,0.0,179.0,0.6312849162011173
stanford,Stanford,ACC,2026,Sports Reference 2025-26,67.4,112.4,101.8,0.437,0.4389830508474576,0.1779661016949152,0.1504398826979472,0.3661290322580645,0.3542372881355932,0.4573643410852713,0.0028787878787878,0.0059090909090909,0.0133333333333333,33,0.35178624813153964,0.6812397408207344,0.0,514.0,0.5350194552529183
syracuse,Syracuse,ACC,2026,Sports Reference 2025-26,67.8,114.3,101.5,0.465,0.3720136518771331,0.1877133105802047,0.1355263157894737,0.3843567251461988,0.3515358361774744,0.4688644688644688,0.004609375,0.00484375,0.0128125,32,0.33588907563025205,0.6238330058939097,0.0,630.0,0.6317460317460317
virginia,Virginia,ACC,2026,Sports Reference 2025-26,68.9,114.1,101.8,0.462,0.466996699669967,0.1782178217821782,0.1485,0.3685,0.3234323432343234,0.5821428571428572,0.0044444444444444,0.0043749999999999,0.0120833333333333,36,0.36792253521126755,0.7325595408895266,0.0,719.0,0.60778859527121
virginia_tech,Virginia Tech,ACC,2026,Sports Reference 2025-26,68.1,113.6,101.3,0.452,0.3970345963756178,0.1713344316309719,0.1422413793103448,0.3761494252873564,0.3410214168039538,0.5255474452554745,0.0025,0.005,0.013359375,32,0.38346846846846844,0.772985294117647,0.0,469.0,0.6119402985074627
wake_forest,Wake Forest,ACC,2026,Sports Reference 2025-26,68.5,113.3,101.5,0.453,0.436026936026936,0.1835016835016835,0.1364864864864864,0.3831831831831832,0.3518518518518518,0.5353159851301116,0.0025,0.0055,0.0132142857142857,35,0.34175433070866146,0.7734021052631579,0.0,525.0,0.6247619047619047
butler,Butler,Big East,2026,Sports Reference 2025-26,69.0,114.5,102.2,0.452,0.3494176372712146,0.1880199667221297,0.1476190476190476,0.3695767195767196,0.4209650582362729,0.5698529411764706,0.0025,0.005078125,0.011953125,32,0.3229711111111111,0.6891123595505618,0.0,741.0,0.582995951417004
uconn,UConn,Big East,2026,Sports Reference 2025-26,69.9,114.4,102.0,0.472,0.4091680814940577,0.1850594227504244,0.146311475409836,0.3711748633879781,0.2988115449915111,0.6510791366906475,0.0031875,0.0042499999999999,0.011375,40,0.3481742059672762,0.763981450252951,0.0,616.0,0.6022727272727273
creighton,Creighton,Big East,2026,Sports Reference 2025-26,69.2,111.0,101.1,0.448,0.4821731748726655,0.1918505942275042,0.1179487179487179,0.4058404558404558,0.2835314091680815,0.5833333333333334,0.0020588235294117,0.0041176470588235,0.0105882352941176,34,0.34268025078369907,0.7466768488745981,0.0,710.0,0.6619718309859155
depaul,DePaul,Big East,2026,Sports Reference 2025-26,70.0,110.8,102.8,0.435,0.3904593639575971,0.2120141342756183,0.1391891891891892,0.37987987987988,0.3533568904593639,0.6097560975609756,0.0026562499999999,0.005390625,0.0139843749999999,32,0.33072827586206893,0.6847619047619047,0.0,759.0,0.5810276679841897
georgetown,Georgetown,Big East,2026,Sports Reference 2025-26,69.0,112.6,101.8,0.44,0.3517241379310344,0.1844827586206896,0.1415730337078651,0.3769662921348314,0.3724137931034483,0.578125,0.0026470588235294,0.0047794117647058,0.0130882352941176,34,0.3343956228956229,0.7342929447852761,0.0,699.0,0.5736766809728183
marquette,Marquette,Big East,2026,Sports Reference 2025-26,69.0,111.6,101.9,0.438,0.4222585924713584,0.1865793780687397,0.1460526315789473,0.3714912280701755,0.3273322422258592,0.5783582089552238,0.002421875,0.007265625,0.01328125,32,0.32344554455445546,0.6670844793713163,0.0,783.0,0.6232439335887612
providence,Providence,Big East,2026,Sports Reference 2025-26,68.1,115.0,102.0,0.476,0.4054927302100162,0.2003231017770597,0.1285714285714285,0.3928571428571429,0.3667205169628433,0.4745762711864407,0.0029545454545454,0.004090909090909,0.0139393939393939,33,0.34234137515078406,0.8014984423676013,0.0,649.0,0.5639445300462249
seton_hall,Seton Hall,Big East,2026,Sports Reference 2025-26,68.4,111.9,102.5,0.435,0.268041237113402,0.190721649484536,0.157122905027933,0.3579608938547487,0.352233676975945,0.515748031496063,0.0043181818181818,0.0069696969696969,0.0142424242424242,33,0.29997860962566847,0.7059272237196765,0.0,563.0,0.5417406749555951
st_johns,St. John's,Big East,2026,Sports Reference 2025-26,68.6,115.0,101.3,0.452,0.3517017828200972,0.1653160453808752,0.151171875,0.365234375,0.4019448946515397,0.5770609318996417,0.0032432432432432,0.0052027027027027,0.0116216216216216,37,0.3255658291457286,0.7284707933740191,0.0,965.0,0.5989637305699482
villanova,Villanova,Big East,2026,Sports Reference 2025-26,68.5,113.7,101.5,0.456,0.4581939799331103,0.1688963210702341,0.1513157894736841,0.3666666666666667,0.3093645484949833,0.5677655677655677,0.001590909090909,0.0056060606060606,0.0122727272727272,33,0.3568445121951219,0.7419920424403182,0.0,688.0,0.6177325581395349
xavier,Xavier,Big East,2026,Sports Reference 2025-26,68.9,112.0,100.2,0.444,0.4050632911392405,0.1582278481012658,0.1311953352769679,0.3912536443148688,0.2816455696202531,0.6214285714285713,0.003030303030303,0.0049242424242424,0.0132575757575757,33,0.3670165289256198,0.7311236363636362,0.0,931.0,0.5961331901181526
gonzaga,Gonzaga,WCC,2026,Sports Reference 2025-26,68.2,118.5,100.0,0.505,0.3080568720379147,0.1516587677725118,0.1353383458646616,0.3845864661654136,0.3096366508688783,0.575,0.0026428571428571,0.006,0.0119285714285714,35,0.3254213197969543,0.7143277711561383,0.0,983.0,0.6754832146490336
saint_marys,Saint Mary's,WCC,2026,Sports Reference 2025-26,69.1,113.8,102.0,0.459,0.3658536585365853,0.1916376306620209,0.1391521197007481,0.3799251870324189,0.3588850174216028,0.5757575757575758,0.0027272727272727,0.0042424242424242,0.0117424242424242,33,0.41370454545454544,0.7989960317460317,0.0,270.0,0.6074074074074074
san_francisco,San Francisco,WCC,2026,Sports Reference 2025-26,68.9,112.3,102.0,0.437,0.4595070422535212,0.1919014084507042,0.1358725761772853,0.382409972299169,0.3943661971830985,0.5604838709677419,0.0022727272727272,0.0040151515151515,0.013030303030303,33,0.3548245161290322,0.7287682737169519,0.0,543.0,0.5911602209944752
santa_clara,Santa Clara,WCC,2026,Sports Reference 2025-26,68.3,114.1,101.9,0.466,0.4500768049155146,0.1643625192012288,0.1646648044692737,0.3487430167597766,0.250384024577573,0.5544554455445545,0.0026428571428571,0.0063571428571428,0.0139285714285714,35,0.3396879739978331,0.7438901345291481,0.0,646.0,0.6160990712074303
san_diego_state,San Diego State,MWC,2026,Sports Reference 2025-26,69.1,114.8,102.1,0.474,0.3316151202749141,0.2079037800687285,0.1280281690140845,0.3935211267605634,0.3831615120274914,0.5434782608695652,0.0034848484848484,0.0057575757575757,0.0143181818181818,33,0.3478277404921701,0.7363161512027492,0.0,557.0,0.6714542190305206
san_jose_state,San Jose State,MWC,2026,Sports Reference 2025-26,65.3,109.8,119.8,0.437,0.3815331010452961,0.1759581881533101,0.156060606060606,0.3592592592592592,0.3344947735191637,0.4262948207171314,0.0016666666666666,0.0043939393939393,0.0133333333333333,33,0.358,0.731,0.4873239436619718,,
new_mexico,New Mexico,MWC,2026,Sports Reference 2025-26,68.3,114.4,100.9,0.46,0.4292763157894737,0.1726973684210526,0.1329268292682927,0.3875338753387534,0.3585526315789474,0.5392857142857143,0.0019594594594594,0.0054054054054054,0.0116216216216216,37,0.36824573378839587,0.7588123980424143,0.0,591.0,0.55668358714044
boise_state,Boise State,MWC,2026,Sports Reference 2025-26,68.6,113.6,102.6,0.453,0.4285714285714285,0.2063492063492063,0.1346260387811634,0.3854570637119113,0.4162257495590828,0.5058365758754864,0.00171875,0.0035937499999999,0.01328125,32,0.3312865671641791,0.7904186795491144,0.0,557.0,0.5691202872531418
nevada,Nevada,MWC,2026,Sports Reference 2025-26,68.8,114.2,101.4,0.442,0.323943661971831,0.176056338028169,0.1396121883656509,0.3793628808864266,0.4471830985915493,0.5776892430278884,0.0025675675675675,0.0044594594594594,0.012027027027027,37,0.3593318112633181,0.7636886688668867,0.0,722.0,0.5332409972299169
utah_state,Utah State,MWC,2026,Sports Reference 2025-26,69.2,118.1,101.5,0.496,0.4126712328767123,0.1780821917808219,0.1412790697674419,0.3773255813953489,0.3801369863013699,0.606896551724138,0.0020138888888888,0.0060416666666666,0.0131249999999999,36,0.35329166666666667,0.7110904522613065,0.0,885.0,0.655367231638418
colorado_state,Colorado State,MWC,2026,Sports Reference 2025-26,70.6,115.2,102.9,0.485,0.4903474903474903,0.2277992277992278,0.1212074303405572,0.4018575851393189,0.3938223938223938,0.6294820717131474,0.0015441176470588,0.0039705882352941,0.0123529411764705,34,0.39336798088410996,0.7714316109422492,0.0,519.0,0.6801541425818882
unlv,UNLV,MWC,2026,Sports Reference 2025-26,68.7,115.2,102.6,0.471,0.3616298811544992,0.2054329371816638,0.140057636887608,0.3788184438040345,0.398981324278438,0.5126353790613718,0.0034285714285714,0.0054285714285714,0.0151428571428571,35,0.3187128099173554,0.6503241678726484,0.0,673.0,0.6077265973254086
vcu,VCU,A-10,2026,Sports Reference 2025-26,68.2,115.0,101.3,0.457,0.4376068376068376,0.1794871794871795,0.1368493150684931,0.3827397260273972,0.4205128205128205,0.5205992509363296,0.0029861111111111,0.0050694444444444,0.0119444444444444,36,0.3621259044862518,0.7232383561643836,0.0,680.0,0.5676470588235294
dayton,Dayton,A-10,2026,Sports Reference 2025-26,69.8,113.1,102.1,0.445,0.4144981412639406,0.2137546468401487,0.1203647416413374,0.4012158054711246,0.4609665427509294,0.5941422594142259,0.0026351351351351,0.0055405405405405,0.0112837837837837,37,0.33716222760290554,0.7655812356979405,0.0,749.0,0.595460614152203
saint_louis,Saint Louis,A-10,2026,Sports Reference 2025-26,69.7,117.1,101.4,0.51,0.4536423841059602,0.2036423841059602,0.1141959798994974,0.410427135678392,0.3327814569536424,0.6006493506493507,0.0025,0.0051428571428571,0.0130714285714285,35,0.4089778761061947,0.7452698650674663,0.0,890.0,0.6370786516853932
loyola_chicago,Loyola Chicago,A-10,2026,Sports Reference 2025-26,70.6,108.5,104.1,0.422,0.4769797421731123,0.2412523020257826,0.1359237536656891,0.3838709677419355,0.3480662983425414,0.6069868995633189,0.0028787878787878,0.0031060606060606,0.0128030303030303,33,0.3192523923444976,0.6748392282958199,0.0,651.0,0.5837173579109063
memphis,Memphis,AAC,2026,Sports Reference 2025-26,68.9,110.8,104.0,0.434,0.3371335504885993,0.2214983713355048,0.1601902173913043,0.3557065217391305,0.3469055374592834,0.4981273408239701,0.003359375,0.0065625,0.015859375,32,0.32379137931034485,0.7291751313485113,0.0,599.0,0.5893155258764607
florida_atlantic,Florida Atlantic,AAC,2026,Sports Reference 2025-26,68.0,113.2,102.3,0.461,0.3856209150326797,0.2009803921568627,0.1380154639175257,0.3798969072164949,0.3300653594771242,0.4680851063829787,0.004090909090909,0.0044696969696969,0.0133333333333333,33,0.3399304964539007,0.7308183486238533,0.0,649.0,0.5963020030816641
north_texas,North Texas,AAC,2026,Sports Reference 2025-26,68.5,111.6,102.7,0.425,0.3246977547495682,0.1968911917098445,0.155965909090909,0.3609375,0.3989637305699482,0.5121951219512195,0.0033333333333333,0.0070454545454545,0.0147727272727272,33,0.2990048154093098,0.6930861618798956,0.0,819.0,0.5958485958485958
uab,UAB,AAC,2026,Sports Reference 2025-26,67.0,114.3,99.9,0.443,0.3054263565891473,0.137984496124031,0.1454887218045113,0.3721804511278196,0.3627906976744185,0.5,0.002734375,0.006171875,0.011171875,32,0.2916363636363636,0.7049463955637707,0.0,682.0,0.6099706744868035
drake,Drake,MVC,2026,Sports Reference 2025-26,68.1,112.0,100.6,0.442,0.4573378839590443,0.1740614334470989,0.1220338983050847,0.4008474576271187,0.3344709897610922,0.5212355212355213,0.0022794117647058,0.0040441176470588,0.0123529411764705,34,0.3421909492273731,0.7189955022488755,0.0,655.0,0.6045801526717557
bradley,Bradley,MVC,2026,Sports Reference 2025-26,67.7,112.9,100.5,0.439,0.4063545150501672,0.1622073578595317,0.1328947368421052,0.3875730994152047,0.3662207357859531,0.5114503816793894,0.0022794117647058,0.005735294117647,0.0136764705882352,34,0.3622762345679012,0.7160085106382978,0.0,497.0,0.6116700201207244
indiana_state,Indiana State,MVC,2026,Sports Reference 2025-26,70.9,111.1,103.0,0.465,0.4493996569468267,0.2349914236706689,0.1192307692307692,0.4042735042735043,0.281303602058319,0.6457564575645756,0.0025,0.00484375,0.012578125,32,0.32218320610687023,0.680951171875,0.0,776.0,0.6365979381443299
grand_canyon,Grand Canyon,WAC,2026,Sports Reference 2025-26,68.7,113.0,102.5,0.455,0.3890845070422535,0.2147887323943662,0.1280386740331491,0.3935082872928176,0.3943661971830985,0.4961240310077519,0.0028125,0.0051562499999999,0.014453125,32,0.3271797919762259,0.7529718100890207,0.0,717.0,0.6290097629009763
